{
    "norm_ssd_mean": null,
    "norm_ssd_var": null,
    "norm_ec_mean": -48.40556854120655,
    "norm_ec_var": 93685.9602186596,
    "norm_pw_mean": 0.26216583042235636,
    "norm_pw_var": 0.019912371579343755,
    "norm_fsd_mean": null,
    "norm_fsd_var": null
}