{
    "loss": [
        0.2549345791339874,
        0.15856176614761353,
        0.12753722071647644,
        0.10727294534444809,
        0.09404834359884262,
        0.08442983776330948,
        0.07787416130304337,
        0.0724414587020874,
        0.06706573069095612,
        0.06351301074028015,
        0.05996664986014366,
        0.057839859277009964,
        0.05474650487303734,
        0.05210702493786812,
        0.051038578152656555,
        0.04907212778925896,
        0.04752024635672569,
        0.04579852521419525,
        0.044735778123140335,
        0.043464310467243195,
        0.04209662228822708,
        0.04154878482222557,
        0.04062854126095772,
        0.040430448949337006,
        0.03972983732819557,
        0.03828871622681618,
        0.038283348083496094,
        0.03743304684758186,
        0.036937542259693146,
        0.03641735762357712,
        0.035693906247615814,
        0.03527524694800377,
        0.0351850651204586,
        0.03472663089632988,
        0.03437623381614685,
        0.03378257155418396,
        0.033865030854940414,
        0.03315965086221695,
        0.033258020877838135,
        0.03232501819729805,
        0.0324811190366745,
        0.032163381576538086,
        0.031382203102111816,
        0.03198549896478653,
        0.03108937479555607,
        0.031311873346567154,
        0.031123341992497444,
        0.030756328254938126,
        0.030327271670103073,
        0.030211318284273148,
        0.02969994768500328,
        0.02979198284447193
    ],
    "binary_accuracy": [
        0.8932454586029053,
        0.9337781667709351,
        0.9463520050048828,
        0.9549071192741394,
        0.9601381421089172,
        0.9643283486366272,
        0.966797411441803,
        0.9691044688224792,
        0.971384584903717,
        0.9726913571357727,
        0.9742545485496521,
        0.9750801920890808,
        0.9763035774230957,
        0.9774650931358337,
        0.9778890013694763,
        0.9786654710769653,
        0.9794148802757263,
        0.9802215099334717,
        0.9806351065635681,
        0.9812329411506653,
        0.9816616177558899,
        0.9820188879966736,
        0.9823586940765381,
        0.9825103282928467,
        0.9828080534934998,
        0.983395516872406,
        0.9834693670272827,
        0.983877420425415,
        0.9840036630630493,
        0.9842886924743652,
        0.9845712780952454,
        0.9847769141197205,
        0.9848960041999817,
        0.9850341081619263,
        0.9850889444351196,
        0.9853874444961548,
        0.9853246808052063,
        0.985587477684021,
        0.98558509349823,
        0.9860257506370544,
        0.9859931468963623,
        0.9860026836395264,
        0.9865036606788635,
        0.9862154722213745,
        0.9865314364433289,
        0.9865163564682007,
        0.9865687489509583,
        0.9867386221885681,
        0.9869347214698792,
        0.9869807958602905,
        0.9871506690979004,
        0.9871609807014465
    ],
    "val_loss": [
        0.16321538388729095,
        0.12856800854206085,
        0.10669024288654327,
        0.09954366832971573,
        0.08530159294605255,
        0.07137840986251831,
        0.07684620469808578,
        0.07676484435796738,
        0.054786860942840576,
        0.060605455189943314,
        0.052883245050907135,
        0.05686397850513458,
        0.044372133910655975,
        0.06801402568817139,
        0.05214693769812584,
        0.056614793837070465,
        0.03910720348358154,
        0.04506780207157135,
        0.05103295296430588,
        0.04032301530241966,
        0.03568403422832489,
        0.04820217192173004,
        0.03512728959321976,
        0.0391324944794178,
        0.030362332239747047,
        0.039196085184812546,
        0.032188381999731064,
        0.03916837275028229,
        0.05154036730527878,
        0.030596503987908363,
        0.03516676276922226,
        0.029585883021354675,
        0.03272145986557007,
        0.04472339153289795,
        0.03649783506989479,
        0.028926903381943703,
        0.03262130916118622,
        0.027984531596302986,
        0.036564599722623825,
        0.02897767908871174,
        0.02952916920185089,
        0.026199422776699066,
        0.03406159579753876,
        0.037093888968229294,
        0.03295174613595009,
        0.059845395386219025,
        0.028896581381559372,
        0.03556953743100166,
        0.029048379510641098,
        0.03682979196310043,
        0.032827701419591904,
        0.044187337160110474
    ],
    "val_binary_accuracy": [
        0.9352397322654724,
        0.9471959471702576,
        0.9557732343673706,
        0.9581200480461121,
        0.9646332263946533,
        0.9698507189750671,
        0.9673833250999451,
        0.9661924242973328,
        0.9772403836250305,
        0.9734519124031067,
        0.9773388504981995,
        0.974998414516449,
        0.9812448620796204,
        0.9704890251159668,
        0.9773578643798828,
        0.9745824337005615,
        0.9831756353378296,
        0.9800095558166504,
        0.9775071740150452,
        0.982346773147583,
        0.9851635694503784,
        0.9790346026420593,
        0.9847062826156616,
        0.9826516509056091,
        0.9875516295433044,
        0.9833629727363586,
        0.98655766248703,
        0.9835503101348877,
        0.9779263138771057,
        0.9869768023490906,
        0.9841473698616028,
        0.9871895909309387,
        0.9857065677642822,
        0.9808828234672546,
        0.9835376143455505,
        0.9878246784210205,
        0.9858494997024536,
        0.9881613254547119,
        0.9838075637817383,
        0.9872943758964539,
        0.9872879981994629,
        0.9888663291931152,
        0.985220730304718,
        0.9844426512718201,
        0.9856747984886169,
        0.9749126434326172,
        0.987221360206604,
        0.9841378331184387,
        0.987322986125946,
        0.983496367931366,
        0.9849539399147034,
        0.9801428914070129
    ]
}