{
    "loss": [
        0.18375688791275024,
        0.0901385098695755,
        0.07400232553482056,
        0.06487452238798141,
        0.058884039521217346,
        0.05579923465847969,
        0.051818788051605225,
        0.04884060472249985,
        0.04716499149799347,
        0.04469842091202736,
        0.04312744736671448,
        0.04173341393470764,
        0.03977351635694504,
        0.03898699954152107,
        0.037974193692207336,
        0.03705634921789169,
        0.03589801490306854,
        0.035485658794641495,
        0.03470040112733841,
        0.03402034565806389,
        0.03306147828698158,
        0.03269074857234955,
        0.03177763521671295,
        0.031410034745931625,
        0.030820850282907486,
        0.03048066422343254,
        0.029976630583405495,
        0.029507536441087723,
        0.02907312475144863,
        0.028835706412792206,
        0.028552155941724777,
        0.028407664969563484,
        0.027873201295733452,
        0.027648568153381348,
        0.02729686163365841,
        0.027208182960748672,
        0.026784690096974373,
        0.026619313284754753,
        0.026303384453058243,
        0.026300542056560516
    ],
    "binary_accuracy": [
        0.9201293587684631,
        0.961601197719574,
        0.9683452248573303,
        0.9720919728279114,
        0.9747527837753296,
        0.9759958982467651,
        0.9776133894920349,
        0.9788936376571655,
        0.9797189831733704,
        0.9806588292121887,
        0.9815078377723694,
        0.982125461101532,
        0.9830273985862732,
        0.9830787777900696,
        0.9836924076080322,
        0.9839411973953247,
        0.9845722317695618,
        0.9847965240478516,
        0.9850666522979736,
        0.9853849411010742,
        0.9856684803962708,
        0.9859780669212341,
        0.9864369630813599,
        0.9863634705543518,
        0.9867844581604004,
        0.9870198369026184,
        0.987101137638092,
        0.9872883558273315,
        0.9874818325042725,
        0.9875789880752563,
        0.9877243041992188,
        0.9878893494606018,
        0.9880370497703552,
        0.9880433678627014,
        0.9883387684822083,
        0.9883553385734558,
        0.9885267019271851,
        0.9885172247886658,
        0.9887336492538452,
        0.9886072874069214
    ],
    "val_loss": [
        0.08986588567495346,
        0.07813860476016998,
        0.08668677508831024,
        0.06371337175369263,
        0.0642799660563469,
        0.05122756212949753,
        0.04915963113307953,
        0.04135211929678917,
        0.045805979520082474,
        0.04514286294579506,
        0.04287116229534149,
        0.037498313933610916,
        0.03676140308380127,
        0.05699353292584419,
        0.03493634983897209,
        0.03679528832435608,
        0.035370174795389175,
        0.041989970952272415,
        0.03413926437497139,
        0.03706837072968483,
        0.029633566737174988,
        0.028824537992477417,
        0.031538404524326324,
        0.02901628613471985,
        0.031071316450834274,
        0.02695086970925331,
        0.025013765320181847,
        0.026691226288676262,
        0.02549806609749794,
        0.023759452626109123,
        0.034216538071632385,
        0.028212247416377068,
        0.026287304237484932,
        0.026037469506263733,
        0.024057896807789803,
        0.025263937190175056,
        0.02559136040508747,
        0.025628093630075455,
        0.03077111952006817,
        0.02971506305038929
    ],
    "val_binary_accuracy": [
        0.9635180234909058,
        0.9663612842559814,
        0.9612339735031128,
        0.9731787443161011,
        0.971747636795044,
        0.9771371483802795,
        0.9785335063934326,
        0.9820970296859741,
        0.9798761606216431,
        0.9803121089935303,
        0.9818032383918762,
        0.9837682247161865,
        0.9842073917388916,
        0.9771813750267029,
        0.9849908351898193,
        0.9843242764472961,
        0.9841568470001221,
        0.980773389339447,
        0.9849086999893188,
        0.9838250875473022,
        0.9870379567146301,
        0.9875529408454895,
        0.9860839247703552,
        0.9868610501289368,
        0.98637455701828,
        0.9881152510643005,
        0.989129364490509,
        0.9885385632514954,
        0.9886775612831116,
        0.9899759888648987,
        0.9848739504814148,
        0.9876161217689514,
        0.9884058833122253,
        0.9883900880813599,
        0.9895368814468384,
        0.9893378615379333,
        0.9887312650680542,
        0.9886744022369385,
        0.9867852330207825,
        0.9868768453598022
    ]
}