{
    "norm_ssd_mean": 0.008065221209552642,
    "norm_ssd_var": 3.7240412411680706,
    "norm_ec_mean": -48.40556854120655,
    "norm_ec_var": 93685.9602186596,
    "norm_pw_mean": 0.26216583042235636,
    "norm_pw_var": 0.019912371579343755,
    "norm_fsd_mean": 0.0007309440138739752,
    "norm_fsd_var": 30.906928963961995
}