{
    "loss": [
        0.21690911054611206,
        0.10782205313444138,
        0.08871156722307205,
        0.07787906378507614,
        0.07019470632076263,
        0.06473632156848907,
        0.06024521216750145,
        0.05694182589650154,
        0.05414334684610367,
        0.05210572108626366,
        0.05004802718758583,
        0.047885652631521225,
        0.04607859626412392,
        0.044402118772268295,
        0.04339497536420822,
        0.04232722148299217,
        0.04105302691459656,
        0.04014567658305168,
        0.03946172073483467,
        0.03842947259545326,
        0.037861134856939316,
        0.03654557839035988,
        0.036446232348680496,
        0.035323526710271835,
        0.034954752773046494,
        0.03453407064080238,
        0.034004561603069305,
        0.03358081728219986,
        0.03314371034502983,
        0.032439738512039185,
        0.032537877559661865,
        0.03202444687485695,
        0.03147422522306442,
        0.03118080087006092,
        0.030837083235383034,
        0.03007384203374386,
        0.030050955712795258,
        0.029905298724770546,
        0.029433196410536766,
        0.028877921402454376,
        0.0295126773416996,
        0.028566347435116768,
        0.028700847178697586,
        0.02852458506822586
    ],
    "binary_accuracy": [
        0.9034582376480103,
        0.9536051154136658,
        0.9616290926933289,
        0.9666013121604919,
        0.9698618650436401,
        0.9721911549568176,
        0.9741703867912292,
        0.9756240248680115,
        0.9768323302268982,
        0.9777707457542419,
        0.9785963892936707,
        0.9794474244117737,
        0.9802476763725281,
        0.9809653759002686,
        0.9813575744628906,
        0.9817378520965576,
        0.9823237657546997,
        0.9827000498771667,
        0.9829668402671814,
        0.9836090803146362,
        0.9836940169334412,
        0.9842918515205383,
        0.9843600988388062,
        0.9848666191101074,
        0.9849047064781189,
        0.9851675033569336,
        0.9854207634925842,
        0.9855676293373108,
        0.985785186290741,
        0.9860543012619019,
        0.9860789179801941,
        0.9862297773361206,
        0.9864615797996521,
        0.986633837223053,
        0.986831545829773,
        0.9869617223739624,
        0.9870831966400146,
        0.9871260523796082,
        0.987315833568573,
        0.9876571893692017,
        0.9872522950172424,
        0.9877310395240784,
        0.9876191020011902,
        0.9878501296043396
    ],
    "val_loss": [
        0.11833084374666214,
        0.08117426186800003,
        0.07756522297859192,
        0.07128853350877762,
        0.06849513202905655,
        0.04805275797843933,
        0.10069579631090164,
        0.05676431208848953,
        0.04995997995138168,
        0.04909592866897583,
        0.03943168744444847,
        0.03961557522416115,
        0.043710123747587204,
        0.04849455878138542,
        0.03851090371608734,
        0.032808538526296616,
        0.03302999213337898,
        0.035233404487371445,
        0.03162592649459839,
        0.03438655287027359,
        0.03550432622432709,
        0.03457016497850418,
        0.03135440871119499,
        0.039211612194776535,
        0.03524846211075783,
        0.033963121473789215,
        0.03558764234185219,
        0.04228489100933075,
        0.04291713982820511,
        0.029793625697493553,
        0.025993485003709793,
        0.02987583726644516,
        0.025613371282815933,
        0.02359975315630436,
        0.027967143803834915,
        0.03140665218234062,
        0.032200317829847336,
        0.02884971909224987,
        0.03497842326760292,
        0.026765674352645874,
        0.02835102379322052,
        0.03654531389474869,
        0.039454273879528046,
        0.028481263667345047
    ],
    "val_binary_accuracy": [
        0.9480215907096863,
        0.9652429223060608,
        0.9674626588821411,
        0.9689298272132874,
        0.9704350829124451,
        0.9798475503921509,
        0.9605303406715393,
        0.9739695191383362,
        0.978151798248291,
        0.9783899784088135,
        0.9838647246360779,
        0.9836265444755554,
        0.9814417362213135,
        0.9788948893547058,
        0.9835186004638672,
        0.9867163896560669,
        0.9860590696334839,
        0.9851889610290527,
        0.9863798022270203,
        0.9851571917533875,
        0.9838996529579163,
        0.9848396182060242,
        0.9867386221885681,
        0.9830009341239929,
        0.9846268892288208,
        0.9855192303657532,
        0.9842235445976257,
        0.9823340773582458,
        0.9807558059692383,
        0.9867005348205566,
        0.9891648292541504,
        0.9868783950805664,
        0.9890885949134827,
        0.9906954765319824,
        0.9884788990020752,
        0.9864178895950317,
        0.985690712928772,
        0.9875388741493225,
        0.9842807054519653,
        0.9883201122283936,
        0.9873388409614563,
        0.9842362403869629,
        0.983102560043335,
        0.9867894649505615
    ]
}