{
    "norm_ssd_mean": null,
    "norm_ssd_var": null,
    "norm_ec_mean": -33.46332618416597,
    "norm_ec_var": 2050.09668060181,
    "norm_pw_mean": 0.2635664915675975,
    "norm_pw_var": 0.019838482792031518,
    "norm_fsd_mean": null,
    "norm_fsd_var": null
}