{
    "norm_ssd_mean": 0.05835852480984779,
    "norm_ssd_var": 7.883317944175083,
    "norm_ec_mean": -33.46332618416597,
    "norm_ec_var": 2050.09668060181,
    "norm_pw_mean": 0.2635664915675975,
    "norm_pw_var": 0.019838482792031518,
    "norm_fsd_mean": 0.012305861755508797,
    "norm_fsd_var": 34.4646778277667
}