{
    "loss": [
        0.20487533509731293,
        0.11538788676261902,
        0.09865308552980423,
        0.08917959034442902,
        0.08216382563114166,
        0.07663046568632126,
        0.07148878276348114,
        0.06809812039136887,
        0.06478332728147507,
        0.061410676687955856,
        0.05908462405204773,
        0.05633196979761124,
        0.054077453911304474,
        0.05244329944252968,
        0.05070420354604721,
        0.048778414726257324,
        0.04779337719082832,
        0.0460532046854496,
        0.0449247732758522,
        0.04399149492383003,
        0.043431539088487625,
        0.042162392288446426,
        0.04146596044301987,
        0.04042487218976021,
        0.039943184703588486,
        0.03954114392399788,
        0.038751021027565,
        0.03788791596889496,
        0.03743227198719978,
        0.03700326383113861,
        0.03651554509997368,
        0.03583111613988876,
        0.03587977960705757,
        0.035242557525634766,
        0.0349048487842083,
        0.03428103029727936,
        0.033897146582603455,
        0.03402267396450043,
        0.033280257135629654,
        0.03281199559569359,
        0.032844170928001404,
        0.03241059184074402,
        0.03215113282203674,
        0.031855497509241104,
        0.031768251210451126,
        0.03134425729513168,
        0.031206419691443443,
        0.030720511451363564,
        0.030797908082604408,
        0.03035055845975876,
        0.029821990057826042,
        0.030254244804382324,
        0.02954164519906044,
        0.02978495880961418,
        0.029399584978818893,
        0.029421424493193626,
        0.029255645349621773,
        0.028784388676285744,
        0.028816157951951027,
        0.02830538898706436,
        0.02790125273168087,
        0.027868453413248062,
        0.0275258831679821,
        0.02758345752954483,
        0.02701736055314541,
        0.026851750910282135,
        0.026845760643482208,
        0.02660701796412468,
        0.026646744459867477,
        0.026309387758374214,
        0.026313457638025284,
        0.02580631524324417,
        0.026089273393154144,
        0.026039689779281616,
        0.02556896209716797,
        0.025588635355234146,
        0.025384394451975822,
        0.025452563539147377,
        0.025219881907105446
    ],
    "binary_accuracy": [
        0.9092974066734314,
        0.9501855969429016,
        0.9574366807937622,
        0.9614259004592896,
        0.9646798372268677,
        0.9670413136482239,
        0.9690955281257629,
        0.9705795645713806,
        0.9719324707984924,
        0.9734662175178528,
        0.9742410182952881,
        0.975658655166626,
        0.9764129519462585,
        0.9771798253059387,
        0.9779293537139893,
        0.9787744283676147,
        0.9791985154151917,
        0.9800538420677185,
        0.9806177616119385,
        0.9809620976448059,
        0.981198251247406,
        0.9817795753479004,
        0.9819461703300476,
        0.9824706315994263,
        0.9826514720916748,
        0.982858419418335,
        0.9831940531730652,
        0.9836371541023254,
        0.9837042689323425,
        0.983918309211731,
        0.9842760562896729,
        0.9844664335250854,
        0.984516978263855,
        0.9847925901412964,
        0.9848668575286865,
        0.9851709008216858,
        0.9853043556213379,
        0.9854386448860168,
        0.9856013655662537,
        0.9857996106147766,
        0.985805094242096,
        0.9860309958457947,
        0.9861360192298889,
        0.9862568974494934,
        0.9862995147705078,
        0.9864211678504944,
        0.9864693284034729,
        0.9867647290229797,
        0.986737072467804,
        0.9868547320365906,
        0.9873120188713074,
        0.9869289994239807,
        0.9872748851776123,
        0.9872567653656006,
        0.9873057007789612,
        0.9873562455177307,
        0.9873420596122742,
        0.9876745343208313,
        0.9876468777656555,
        0.9876840114593506,
        0.9879067540168762,
        0.988028347492218,
        0.9881918430328369,
        0.988226592540741,
        0.9883632659912109,
        0.9884445667266846,
        0.9884998798370361,
        0.9884848594665527,
        0.9886372685432434,
        0.9886680841445923,
        0.9887399673461914,
        0.9889405965805054,
        0.9888458251953125,
        0.9888410568237305,
        0.9889824390411377,
        0.9890385270118713,
        0.9891158938407898,
        0.9891396164894104,
        0.9891632795333862
    ],
    "val_loss": [
        0.13495410978794098,
        0.08930280059576035,
        0.08939342200756073,
        0.08695926517248154,
        0.07402467727661133,
        0.06466056406497955,
        0.07559429854154587,
        0.062373172491788864,
        0.06093394011259079,
        0.04976170137524605,
        0.05075664073228836,
        0.052727557718753815,
        0.05060596764087677,
        0.04819110035896301,
        0.06528952717781067,
        0.045618291944265366,
        0.04814928025007248,
        0.04528295248746872,
        0.040380217134952545,
        0.03835783526301384,
        0.037329141050577164,
        0.03327604755759239,
        0.03742885962128639,
        0.0388784222304821,
        0.03595117852091789,
        0.06425923854112625,
        0.045569904148578644,
        0.034019581973552704,
        0.03446098417043686,
        0.050202783197164536,
        0.029480498284101486,
        0.032610878348350525,
        0.0410604290664196,
        0.03295164182782173,
        0.03832642734050751,
        0.03866301849484444,
        0.029530217871069908,
        0.03316715732216835,
        0.028682995587587357,
        0.0294633936136961,
        0.03036968968808651,
        0.03733883425593376,
        0.031799234449863434,
        0.04447440803050995,
        0.028281137347221375,
        0.028627749532461166,
        0.06668784469366074,
        0.031609077006578445,
        0.035704173147678375,
        0.03198200464248657,
        0.028031636029481888,
        0.036046452820301056,
        0.03042255900800228,
        0.026511095464229584,
        0.03501144424080849,
        0.04649921879172325,
        0.026891034096479416,
        0.02775726281106472,
        0.02478433959186077,
        0.034387439489364624,
        0.026129549369215965,
        0.040863875299692154,
        0.03082522191107273,
        0.02793501876294613,
        0.025807509198784828,
        0.05531831458210945,
        0.026291614398360252,
        0.03289235010743141,
        0.020650546997785568,
        0.023445995524525642,
        0.053858134895563126,
        0.02966986782848835,
        0.03673229366540909,
        0.025593232363462448,
        0.022635120898485184,
        0.026047684252262115,
        0.02419147454202175,
        0.037914566695690155,
        0.02086762711405754
    ],