{
    "norm_ssd_mean": 0.20986221837429347,
    "norm_ssd_var": 14.113627867252106,
    "norm_ec_mean": -41.99702648417991,
    "norm_ec_var": 2884.670715324594,
    "norm_pw_mean": 0.2635664915675975,
    "norm_pw_var": 0.019838482792031518,
    "norm_fsd_mean": 0.05639917775836608,
    "norm_fsd_var": 56.49579885760281
}