{
    "norm_ssd_mean": 0.8817327748182556,
    "norm_ssd_var": 27.22453132726022,
    "norm_ec_mean": -105.31727947297351,
    "norm_ec_var": 108802.9403730453,
    "norm_pw_mean": 0.2630260393631137,
    "norm_pw_var": 0.019925021941525723,
    "norm_fsd_mean": 0.2280093565429966,
    "norm_fsd_var": 136.57278056205797
}