{
    "loss": [
        0.15527886152267456,
        0.09146340191364288,
        0.0775049701333046,
        0.0688449963927269,
        0.06336359679698944,
        0.05876481533050537,
        0.055694062262773514,
        0.052750300616025925,
        0.05024426430463791,
        0.04842451214790344,
        0.04644334688782692,
        0.044584970921278,
        0.04327031597495079,
        0.04169245436787605,
        0.040527764707803726,
        0.039493411779403687,
        0.03846970573067665,
        0.03742600604891777,
        0.036339595913887024,
        0.035715680569410324,
        0.034808821976184845,
        0.03415599465370178,
        0.03368788957595825,
        0.03294842690229416,
        0.032084766775369644,
        0.031734805554151535,
        0.030963746830821037,
        0.030637428164482117,
        0.030005604028701782,
        0.029565582051873207,
        0.029116056859493256,
        0.02863473817706108,
        0.028344493359327316,
        0.02781222201883793,
        0.027504021301865578,
        0.02710551768541336,
        0.0268075130879879,
        0.02654152736067772,
        0.026339661329984665,
        0.025892052799463272,
        0.025367045775055885,
        0.02530660666525364,
        0.024732057005167007,
        0.024629447609186172,
        0.024568740278482437,
        0.02409263886511326,
        0.02405010536313057,
        0.023870883509516716,
        0.023452555760741234,
        0.02312787063419819,
        0.023019110783934593,
        0.023028697818517685,
        0.02271331287920475,
        0.02238001674413681,
        0.022327948361635208,
        0.02194216288626194,
        0.022001609206199646,
        0.021662786602973938,
        0.02156134694814682,
        0.021254293620586395,
        0.021048231050372124,
        0.021003812551498413,
        0.020754003897309303,
        0.020775021985173225,
        0.02049041911959648,
        0.020411094650626183
    ],
    "binary_accuracy": [
        0.934480607509613,
        0.9610807299613953,
        0.966942548751831,
        0.9704310894012451,
        0.9727680683135986,
        0.9748586416244507,
        0.9762312769889832,
        0.9772959351539612,
        0.9784758687019348,
        0.9792380332946777,
        0.9799969792366028,
        0.9808167815208435,
        0.9816129207611084,
        0.9820607304573059,
        0.9825922250747681,
        0.983023464679718,
        0.9835202693939209,
        0.9839009046554565,
        0.9843858480453491,
        0.9847468137741089,
        0.9851440787315369,
        0.9853343963623047,
        0.9855784177780151,
        0.9858564734458923,
        0.9862584471702576,
        0.9863160848617554,
        0.9867275953292847,
        0.9868918657302856,
        0.9870529770851135,
        0.9874036312103271,
        0.9876453280448914,
        0.9877266883850098,
        0.9878664612770081,
        0.9880805015563965,
        0.9881957769393921,
        0.9885109066963196,
        0.9885045886039734,
        0.9886404275894165,
        0.9887178540229797,
        0.9889153242111206,
        0.9891862273216248,
        0.9892209768295288,
        0.9894247055053711,
        0.9894776344299316,
        0.989521861076355,
        0.9897169470787048,
        0.9897469282150269,
        0.9897027015686035,
        0.9900138974189758,
        0.9901481866836548,
        0.9902153015136719,
        0.9901465773582458,
        0.9902768731117249,
        0.9905351400375366,
        0.9904348850250244,
        0.9906125664710999,
        0.9905557036399841,
        0.9907547235488892,
        0.9908021092414856,
        0.9909545183181763,
        0.9910145401954651,
        0.9910287857055664,
        0.9911354184150696,
        0.9911101460456848,
        0.9911993741989136,
        0.9913249611854553
    ],
    "val_loss": [
        0.08940499275922775,
        0.0837291032075882,
        0.0668451264500618,
        0.06315943598747253,
        0.0802074521780014,
        0.054491106420755386,
        0.05236997827887535,
        0.045650433748960495,
        0.04760897159576416,
        0.04373346269130707,
        0.037811700254678726,
        0.04764063283801079,
        0.04370807111263275,
        0.04185563698410988,
        0.03655866160988808,
        0.03641996905207634,
        0.035986289381980896,
        0.03923916816711426,
        0.04553455486893654,
        0.05265440419316292,
        0.03659965097904205,
        0.03131667897105217,
        0.03507673367857933,
        0.042964376509189606,
        0.034840621054172516,
        0.032901812344789505,
        0.0347537025809288,
        0.03290946036577225,
        0.03304767608642578,
        0.027069998905062675,
        0.03149263188242912,
        0.027415627613663673,
        0.031703583896160126,
        0.03895677626132965,
        0.029382990673184395,
        0.03025350533425808,
        0.029676945880055428,
        0.026498733088374138,
        0.03021140582859516,
        0.025833526626229286,
        0.027526801452040672,
        0.026085399091243744,
        0.025963278487324715,
        0.024469077587127686,
        0.026257533580064774,
        0.025416884571313858,
        0.02178896777331829,
        0.023608200252056122,
        0.024126112461090088,
        0.024597089737653732,
        0.024606795981526375,
        0.02370067499577999,
        0.02581275813281536,
        0.023179151117801666,
        0.02213958650827408,
        0.020309695973992348,
        0.024105090647935867,
        0.024398384615778923,
        0.025473734363913536,
        0.02280721627175808,
        0.020729653537273407,
        0.022782552987337112,
        0.02378709428012371,
        0.021066563203930855,
        0.030118783935904503,
        0.021631965413689613
    ],
    "val_binary_accuracy": [
        0.9626777172088623,
        0.9656978845596313,
        0.9718929529190063,
        0.972745954990387,
        0.9654387831687927,
        0.976492702960968,
        0.9771655797958374,
        0.9805427193641663,
        0.9792633056640625,
        0.981203019618988,
        0.9841821193695068,
        0.9793928265571594,
        0.9818032383918762,
        0.981961190700531,
        0.984516978263855,
        0.9842168688774109,
        0.9843748211860657,
        0.9827794432640076,
        0.9802268147468567,
        0.9778732657432556,
        0.9841915965080261,
        0.9861471056938171,
        0.984618067741394,
        0.9827478528022766,
        0.9849276542663574,
        0.9853225350379944,
        0.9851045608520508,
        0.9856289625167847,
        0.9859544038772583,
        0.988494336605072,
        0.9863145351409912,
        0.9880489110946655,
        0.9862639904022217,
        0.9837050437927246,
        0.9872938394546509,
        0.9871137738227844,
        0.9873886108398438,
        0.988459587097168,
        0.9867757558822632,
        0.9888513088226318,
        0.9879351854324341,
        0.9886554479598999,
        0.9887502193450928,
        0.9892209768295288,
        0.9888291954994202,
        0.98916095495224,
        0.9907278418540955,
        0.989953875541687,
        0.9894800186157227,
        0.9891893863677979,
        0.9894010424613953,
        0.9898306727409363,
        0.9888481497764587,
        0.9898654222488403,
        0.9904845952987671,
        0.9911859631538391,
        0.9894958138465881,
        0.9895937442779541,
        0.9886459708213806,
        0.9899570345878601,
        0.9910532832145691,
        0.9900991916656494,
        0.9896348118782043,
        0.9911227822303772,
        0.9874739646911621,
        0.9906551837921143
    ]
}