{
    "norm_ssd_mean": null,
    "norm_ssd_var": null,
    "norm_ec_mean": -17.63972074347676,
    "norm_ec_var": 844.8324491886924,
    "norm_pw_mean": 0.2635680621014693,
    "norm_pw_var": 0.02005111700603107,
    "norm_fsd_mean": null,
    "norm_fsd_var": null
}