{
    "norm_ssd_mean": 0.25208786933737276,
    "norm_ssd_var": 17.013370081061037,
    "norm_ec_mean": -92.2060380312734,
    "norm_ec_var": 106201.01890571146,
    "norm_pw_mean": 0.26294816610854876,
    "norm_pw_var": 0.019917410783899112,
    "norm_fsd_mean": 0.09831342407688035,
    "norm_fsd_var": 110.11156675979154
}