{
    "norm_ssd_mean": 0.3617673517813616,
    "norm_ssd_var": 20.353463842540748,
    "norm_ec_mean": -96.61708103978826,
    "norm_ec_var": 107214.3332862765,
    "norm_pw_mean": 0.2629746477538384,
    "norm_pw_var": 0.019926048640134662,
    "norm_fsd_mean": 0.1428447876714922,
    "norm_fsd_var": 120.74427017535204
}