{
    "loss": [
        0.16490225493907928,
        0.08078698813915253,
        0.06602993607521057,
        0.05682415887713432,
        0.05108454450964928,
        0.04742561653256416,
        0.044684309512376785,
        0.04263710975646973,
        0.03994370996952057,
        0.03856823593378067,
        0.03722682595252991,
        0.036115340888500214,
        0.03520151227712631,
        0.03388950601220131,
        0.03348090872168541,
        0.03235115855932236,
        0.031419020146131516,
        0.030757196247577667,
        0.030083734542131424,
        0.02957206778228283,
        0.028854016214609146,
        0.02849874272942543,
        0.02772517129778862,
        0.027691833674907684,
        0.027205437421798706,
        0.026976723223924637,
        0.026567207649350166,
        0.026377346366643906,
        0.02567884512245655,
        0.025232115760445595,
        0.02513357438147068,
        0.0247044637799263,
        0.02431149035692215,
        0.024526191875338554,
        0.024411605671048164,
        0.023825544863939285,
        0.02333866059780121,
        0.02350926212966442,
        0.023495959118008614,
        0.023229381069540977,
        0.022625412791967392,
        0.02242998778820038,
        0.022525327280163765,
        0.02223123237490654
    ],
    "binary_accuracy": [
        0.9313088655471802,
        0.9669007062911987,
        0.9721875786781311,
        0.9757708311080933,
        0.9782562851905823,
        0.979674756526947,
        0.9808507561683655,
        0.981764554977417,
        0.9830061197280884,
        0.9835218191146851,
        0.9840525388717651,
        0.9846030473709106,
        0.9849237203598022,
        0.9855144619941711,
        0.9856708645820618,
        0.9860759973526001,
        0.9865261912345886,
        0.9866802096366882,
        0.9870814085006714,
        0.9873586297035217,
        0.9876074194908142,
        0.9877930283546448,
        0.9881207942962646,
        0.9880749583244324,
        0.9883285164833069,
        0.9884264469146729,
        0.9886420369148254,
        0.9887005090713501,
        0.9889674186706543,
        0.9891625046730042,
        0.989254891872406,
        0.9894302487373352,
        0.9895613789558411,
        0.9894737005233765,
        0.9895510673522949,
        0.9898606538772583,
        0.9899578094482422,
        0.9898962378501892,
        0.9899009466171265,
        0.9900999665260315,
        0.9902097582817078,
        0.990319550037384,
        0.9904159307479858,
        0.9904648661613464
    ],
    "val_loss": [
        0.0806250348687172,
        0.06474177539348602,
        0.059629082679748535,
        0.048875872045755386,
        0.05038905516266823,
        0.040538888424634933,
        0.04700220003724098,
        0.06984090805053711,
        0.03557590767741203,
        0.03749267756938934,
        0.05377059057354927,
        0.03218750283122063,
        0.07673201709985733,
        0.03680236265063286,
        0.039874929934740067,
        0.03661496937274933,
        0.029416175559163094,
        0.02662944421172142,
        0.04426642507314682,
        0.025411086156964302,
        0.03377843648195267,
        0.02970420941710472,
        0.0242355614900589,
        0.02577841840684414,
        0.025494476780295372,
        0.03658675402402878,
        0.030943987891077995,
        0.020038960501551628,
        0.027887001633644104,
        0.049103278666734695,
        0.03996404632925987,
        0.026272030547261238,
        0.033922530710697174,
        0.019729025661945343,
        0.022130941972136497,
        0.023044267669320107,
        0.023006334900856018,
        0.025192350149154663,
        0.022419782355427742,
        0.026491722092032433,
        0.02313312701880932,
        0.033787619322538376,
        0.023403573781251907,
        0.039883796125650406
    ],
    "val_binary_accuracy": [
        0.9685631990432739,
        0.9735641479492188,
        0.9746951460838318,
        0.9789947271347046,
        0.9783408045768738,
        0.982694149017334,
        0.9797687530517578,
        0.9721425175666809,
        0.9850066304206848,
        0.9841600060462952,
        0.9776268601417542,
        0.9858943819999695,
        0.9719277024269104,
        0.9834491610527039,
        0.9831111431121826,
        0.9839767217636108,
        0.987265408039093,
        0.9885101318359375,
        0.9809187054634094,
        0.9886554479598999,
        0.9854520559310913,
        0.9865230321884155,
        0.989590585231781,
        0.9886396527290344,
        0.9888260364532471,
        0.9840968251228333,
        0.9862387180328369,
        0.9917356371879578,
        0.9880773425102234,
        0.9821128249168396,
        0.9829058051109314,
        0.9889808297157288,
        0.9860049486160278,
        0.9917956590652466,
        0.9905635714530945,
        0.9900107383728027,
        0.9898275136947632,
        0.9887186288833618,
        0.9905856847763062,
        0.9884185194969177,
        0.9903803467750549,
        0.9862924218177795,
        0.9897106289863586,
        0.9839925169944763
    ]
}