{
    "norm_ssd_mean": 0.16557695596446384,
    "norm_ssd_var": 12.715799927324234,
    "norm_ec_mean": -40.4338486747396,
    "norm_ec_var": 2734.047940518448,
    "norm_pw_mean": 0.2635664915675975,
    "norm_pw_var": 0.019838482792031518,
    "norm_fsd_mean": 0.04593284331595359,
    "norm_fsd_var": 52.13481275056643
}