{
    "norm_ssd_mean": 0.5808607966237855,
    "norm_ssd_var": 20.31602607033851,
    "norm_ec_mean": -47.90575411266145,
    "norm_ec_var": 3380.4387804577327,
    "norm_pw_mean": 0.2635664915675975,
    "norm_pw_var": 0.019838482792031518,
    "norm_fsd_mean": 0.08168758807071763,
    "norm_fsd_var": 72.46419487931543
}