{
    "norm_ssd_mean": 0.0025191787309386164,
    "norm_ssd_var": 2.3865401588372914,
    "norm_ec_mean": -17.63972074347676,
    "norm_ec_var": 844.8324491886924,
    "norm_pw_mean": 0.2635680621014693,
    "norm_pw_var": 0.02005111700603107,
    "norm_fsd_mean": -7.087395072580906e-05,
    "norm_fsd_var": 10.77904200208891
}